PR_ID,project,url
377,apache/opennlp,https://api.github.com/repos/apache/opennlp/pulls/377
376,apache/opennlp,https://api.github.com/repos/apache/opennlp/pulls/376
375,apache/opennlp,https://api.github.com/repos/apache/opennlp/pulls/375
374,apache/opennlp,https://api.github.com/repos/apache/opennlp/pulls/374
373,apache/opennlp,https://api.github.com/repos/apache/opennlp/pulls/373
372,apache/opennlp,https://api.github.com/repos/apache/opennlp/pulls/372
371,apache/opennlp,https://api.github.com/repos/apache/opennlp/pulls/371
370,apache/opennlp,https://api.github.com/repos/apache/opennlp/pulls/370
369,apache/opennlp,https://api.github.com/repos/apache/opennlp/pulls/369
368,apache/opennlp,https://api.github.com/repos/apache/opennlp/pulls/368
367,apache/opennlp,https://api.github.com/repos/apache/opennlp/pulls/367
366,apache/opennlp,https://api.github.com/repos/apache/opennlp/pulls/366
363,apache/opennlp,https://api.github.com/repos/apache/opennlp/pulls/363
362,apache/opennlp,https://api.github.com/repos/apache/opennlp/pulls/362
361,apache/opennlp,https://api.github.com/repos/apache/opennlp/pulls/361
360,apache/opennlp,https://api.github.com/repos/apache/opennlp/pulls/360
359,apache/opennlp,https://api.github.com/repos/apache/opennlp/pulls/359
358,apache/opennlp,https://api.github.com/repos/apache/opennlp/pulls/358
357,apache/opennlp,https://api.github.com/repos/apache/opennlp/pulls/357
356,apache/opennlp,https://api.github.com/repos/apache/opennlp/pulls/356
354,apache/opennlp,https://api.github.com/repos/apache/opennlp/pulls/354
352,apache/opennlp,https://api.github.com/repos/apache/opennlp/pulls/352
351,apache/opennlp,https://api.github.com/repos/apache/opennlp/pulls/351
349,apache/opennlp,https://api.github.com/repos/apache/opennlp/pulls/349
347,apache/opennlp,https://api.github.com/repos/apache/opennlp/pulls/347
345,apache/opennlp,https://api.github.com/repos/apache/opennlp/pulls/345
343,apache/opennlp,https://api.github.com/repos/apache/opennlp/pulls/343
342,apache/opennlp,https://api.github.com/repos/apache/opennlp/pulls/342
341,apache/opennlp,https://api.github.com/repos/apache/opennlp/pulls/341
340,apache/opennlp,https://api.github.com/repos/apache/opennlp/pulls/340
339,apache/opennlp,https://api.github.com/repos/apache/opennlp/pulls/339
338,apache/opennlp,https://api.github.com/repos/apache/opennlp/pulls/338
335,apache/opennlp,https://api.github.com/repos/apache/opennlp/pulls/335
334,apache/opennlp,https://api.github.com/repos/apache/opennlp/pulls/334
333,apache/opennlp,https://api.github.com/repos/apache/opennlp/pulls/333
332,apache/opennlp,https://api.github.com/repos/apache/opennlp/pulls/332
331,apache/opennlp,https://api.github.com/repos/apache/opennlp/pulls/331
330,apache/opennlp,https://api.github.com/repos/apache/opennlp/pulls/330
329,apache/opennlp,https://api.github.com/repos/apache/opennlp/pulls/329
328,apache/opennlp,https://api.github.com/repos/apache/opennlp/pulls/328
327,apache/opennlp,https://api.github.com/repos/apache/opennlp/pulls/327
326,apache/opennlp,https://api.github.com/repos/apache/opennlp/pulls/326
325,apache/opennlp,https://api.github.com/repos/apache/opennlp/pulls/325
324,apache/opennlp,https://api.github.com/repos/apache/opennlp/pulls/324
323,apache/opennlp,https://api.github.com/repos/apache/opennlp/pulls/323
322,apache/opennlp,https://api.github.com/repos/apache/opennlp/pulls/322
321,apache/opennlp,https://api.github.com/repos/apache/opennlp/pulls/321
320,apache/opennlp,https://api.github.com/repos/apache/opennlp/pulls/320
319,apache/opennlp,https://api.github.com/repos/apache/opennlp/pulls/319
318,apache/opennlp,https://api.github.com/repos/apache/opennlp/pulls/318
317,apache/opennlp,https://api.github.com/repos/apache/opennlp/pulls/317
316,apache/opennlp,https://api.github.com/repos/apache/opennlp/pulls/316
315,apache/opennlp,https://api.github.com/repos/apache/opennlp/pulls/315
314,apache/opennlp,https://api.github.com/repos/apache/opennlp/pulls/314
313,apache/opennlp,https://api.github.com/repos/apache/opennlp/pulls/313
312,apache/opennlp,https://api.github.com/repos/apache/opennlp/pulls/312
311,apache/opennlp,https://api.github.com/repos/apache/opennlp/pulls/311
310,apache/opennlp,https://api.github.com/repos/apache/opennlp/pulls/310
309,apache/opennlp,https://api.github.com/repos/apache/opennlp/pulls/309
308,apache/opennlp,https://api.github.com/repos/apache/opennlp/pulls/308
307,apache/opennlp,https://api.github.com/repos/apache/opennlp/pulls/307
306,apache/opennlp,https://api.github.com/repos/apache/opennlp/pulls/306
305,apache/opennlp,https://api.github.com/repos/apache/opennlp/pulls/305
304,apache/opennlp,https://api.github.com/repos/apache/opennlp/pulls/304
303,apache/opennlp,https://api.github.com/repos/apache/opennlp/pulls/303
302,apache/opennlp,https://api.github.com/repos/apache/opennlp/pulls/302
301,apache/opennlp,https://api.github.com/repos/apache/opennlp/pulls/301
300,apache/opennlp,https://api.github.com/repos/apache/opennlp/pulls/300
299,apache/opennlp,https://api.github.com/repos/apache/opennlp/pulls/299
298,apache/opennlp,https://api.github.com/repos/apache/opennlp/pulls/298
297,apache/opennlp,https://api.github.com/repos/apache/opennlp/pulls/297
296,apache/opennlp,https://api.github.com/repos/apache/opennlp/pulls/296
295,apache/opennlp,https://api.github.com/repos/apache/opennlp/pulls/295
294,apache/opennlp,https://api.github.com/repos/apache/opennlp/pulls/294
293,apache/opennlp,https://api.github.com/repos/apache/opennlp/pulls/293
291,apache/opennlp,https://api.github.com/repos/apache/opennlp/pulls/291
290,apache/opennlp,https://api.github.com/repos/apache/opennlp/pulls/290
289,apache/opennlp,https://api.github.com/repos/apache/opennlp/pulls/289
288,apache/opennlp,https://api.github.com/repos/apache/opennlp/pulls/288
287,apache/opennlp,https://api.github.com/repos/apache/opennlp/pulls/287
286,apache/opennlp,https://api.github.com/repos/apache/opennlp/pulls/286
285,apache/opennlp,https://api.github.com/repos/apache/opennlp/pulls/285
284,apache/opennlp,https://api.github.com/repos/apache/opennlp/pulls/284
283,apache/opennlp,https://api.github.com/repos/apache/opennlp/pulls/283
282,apache/opennlp,https://api.github.com/repos/apache/opennlp/pulls/282
280,apache/opennlp,https://api.github.com/repos/apache/opennlp/pulls/280
279,apache/opennlp,https://api.github.com/repos/apache/opennlp/pulls/279
278,apache/opennlp,https://api.github.com/repos/apache/opennlp/pulls/278
277,apache/opennlp,https://api.github.com/repos/apache/opennlp/pulls/277
276,apache/opennlp,https://api.github.com/repos/apache/opennlp/pulls/276
275,apache/opennlp,https://api.github.com/repos/apache/opennlp/pulls/275
274,apache/opennlp,https://api.github.com/repos/apache/opennlp/pulls/274
273,apache/opennlp,https://api.github.com/repos/apache/opennlp/pulls/273
272,apache/opennlp,https://api.github.com/repos/apache/opennlp/pulls/272
271,apache/opennlp,https://api.github.com/repos/apache/opennlp/pulls/271
270,apache/opennlp,https://api.github.com/repos/apache/opennlp/pulls/270
269,apache/opennlp,https://api.github.com/repos/apache/opennlp/pulls/269
268,apache/opennlp,https://api.github.com/repos/apache/opennlp/pulls/268
267,apache/opennlp,https://api.github.com/repos/apache/opennlp/pulls/267
266,apache/opennlp,https://api.github.com/repos/apache/opennlp/pulls/266
265,apache/opennlp,https://api.github.com/repos/apache/opennlp/pulls/265
264,apache/opennlp,https://api.github.com/repos/apache/opennlp/pulls/264
263,apache/opennlp,https://api.github.com/repos/apache/opennlp/pulls/263
262,apache/opennlp,https://api.github.com/repos/apache/opennlp/pulls/262
261,apache/opennlp,https://api.github.com/repos/apache/opennlp/pulls/261
260,apache/opennlp,https://api.github.com/repos/apache/opennlp/pulls/260
259,apache/opennlp,https://api.github.com/repos/apache/opennlp/pulls/259
258,apache/opennlp,https://api.github.com/repos/apache/opennlp/pulls/258
257,apache/opennlp,https://api.github.com/repos/apache/opennlp/pulls/257
256,apache/opennlp,https://api.github.com/repos/apache/opennlp/pulls/256
255,apache/opennlp,https://api.github.com/repos/apache/opennlp/pulls/255
254,apache/opennlp,https://api.github.com/repos/apache/opennlp/pulls/254
253,apache/opennlp,https://api.github.com/repos/apache/opennlp/pulls/253
252,apache/opennlp,https://api.github.com/repos/apache/opennlp/pulls/252
251,apache/opennlp,https://api.github.com/repos/apache/opennlp/pulls/251
250,apache/opennlp,https://api.github.com/repos/apache/opennlp/pulls/250
249,apache/opennlp,https://api.github.com/repos/apache/opennlp/pulls/249
248,apache/opennlp,https://api.github.com/repos/apache/opennlp/pulls/248
247,apache/opennlp,https://api.github.com/repos/apache/opennlp/pulls/247
246,apache/opennlp,https://api.github.com/repos/apache/opennlp/pulls/246
245,apache/opennlp,https://api.github.com/repos/apache/opennlp/pulls/245
244,apache/opennlp,https://api.github.com/repos/apache/opennlp/pulls/244
243,apache/opennlp,https://api.github.com/repos/apache/opennlp/pulls/243
242,apache/opennlp,https://api.github.com/repos/apache/opennlp/pulls/242
241,apache/opennlp,https://api.github.com/repos/apache/opennlp/pulls/241
240,apache/opennlp,https://api.github.com/repos/apache/opennlp/pulls/240
239,apache/opennlp,https://api.github.com/repos/apache/opennlp/pulls/239
238,apache/opennlp,https://api.github.com/repos/apache/opennlp/pulls/238
237,apache/opennlp,https://api.github.com/repos/apache/opennlp/pulls/237
236,apache/opennlp,https://api.github.com/repos/apache/opennlp/pulls/236
235,apache/opennlp,https://api.github.com/repos/apache/opennlp/pulls/235
234,apache/opennlp,https://api.github.com/repos/apache/opennlp/pulls/234
233,apache/opennlp,https://api.github.com/repos/apache/opennlp/pulls/233
232,apache/opennlp,https://api.github.com/repos/apache/opennlp/pulls/232
231,apache/opennlp,https://api.github.com/repos/apache/opennlp/pulls/231
230,apache/opennlp,https://api.github.com/repos/apache/opennlp/pulls/230
229,apache/opennlp,https://api.github.com/repos/apache/opennlp/pulls/229
228,apache/opennlp,https://api.github.com/repos/apache/opennlp/pulls/228
226,apache/opennlp,https://api.github.com/repos/apache/opennlp/pulls/226
225,apache/opennlp,https://api.github.com/repos/apache/opennlp/pulls/225
224,apache/opennlp,https://api.github.com/repos/apache/opennlp/pulls/224
223,apache/opennlp,https://api.github.com/repos/apache/opennlp/pulls/223
222,apache/opennlp,https://api.github.com/repos/apache/opennlp/pulls/222
221,apache/opennlp,https://api.github.com/repos/apache/opennlp/pulls/221
220,apache/opennlp,https://api.github.com/repos/apache/opennlp/pulls/220
219,apache/opennlp,https://api.github.com/repos/apache/opennlp/pulls/219
218,apache/opennlp,https://api.github.com/repos/apache/opennlp/pulls/218
217,apache/opennlp,https://api.github.com/repos/apache/opennlp/pulls/217
216,apache/opennlp,https://api.github.com/repos/apache/opennlp/pulls/216
215,apache/opennlp,https://api.github.com/repos/apache/opennlp/pulls/215
214,apache/opennlp,https://api.github.com/repos/apache/opennlp/pulls/214
213,apache/opennlp,https://api.github.com/repos/apache/opennlp/pulls/213
212,apache/opennlp,https://api.github.com/repos/apache/opennlp/pulls/212
211,apache/opennlp,https://api.github.com/repos/apache/opennlp/pulls/211
210,apache/opennlp,https://api.github.com/repos/apache/opennlp/pulls/210
209,apache/opennlp,https://api.github.com/repos/apache/opennlp/pulls/209
208,apache/opennlp,https://api.github.com/repos/apache/opennlp/pulls/208
207,apache/opennlp,https://api.github.com/repos/apache/opennlp/pulls/207
206,apache/opennlp,https://api.github.com/repos/apache/opennlp/pulls/206
205,apache/opennlp,https://api.github.com/repos/apache/opennlp/pulls/205
204,apache/opennlp,https://api.github.com/repos/apache/opennlp/pulls/204
203,apache/opennlp,https://api.github.com/repos/apache/opennlp/pulls/203
202,apache/opennlp,https://api.github.com/repos/apache/opennlp/pulls/202
201,apache/opennlp,https://api.github.com/repos/apache/opennlp/pulls/201
200,apache/opennlp,https://api.github.com/repos/apache/opennlp/pulls/200
199,apache/opennlp,https://api.github.com/repos/apache/opennlp/pulls/199
198,apache/opennlp,https://api.github.com/repos/apache/opennlp/pulls/198
197,apache/opennlp,https://api.github.com/repos/apache/opennlp/pulls/197
196,apache/opennlp,https://api.github.com/repos/apache/opennlp/pulls/196
195,apache/opennlp,https://api.github.com/repos/apache/opennlp/pulls/195
194,apache/opennlp,https://api.github.com/repos/apache/opennlp/pulls/194
193,apache/opennlp,https://api.github.com/repos/apache/opennlp/pulls/193
192,apache/opennlp,https://api.github.com/repos/apache/opennlp/pulls/192
191,apache/opennlp,https://api.github.com/repos/apache/opennlp/pulls/191
190,apache/opennlp,https://api.github.com/repos/apache/opennlp/pulls/190
189,apache/opennlp,https://api.github.com/repos/apache/opennlp/pulls/189
188,apache/opennlp,https://api.github.com/repos/apache/opennlp/pulls/188
187,apache/opennlp,https://api.github.com/repos/apache/opennlp/pulls/187
186,apache/opennlp,https://api.github.com/repos/apache/opennlp/pulls/186
185,apache/opennlp,https://api.github.com/repos/apache/opennlp/pulls/185
184,apache/opennlp,https://api.github.com/repos/apache/opennlp/pulls/184
183,apache/opennlp,https://api.github.com/repos/apache/opennlp/pulls/183
182,apache/opennlp,https://api.github.com/repos/apache/opennlp/pulls/182
181,apache/opennlp,https://api.github.com/repos/apache/opennlp/pulls/181
180,apache/opennlp,https://api.github.com/repos/apache/opennlp/pulls/180
179,apache/opennlp,https://api.github.com/repos/apache/opennlp/pulls/179
178,apache/opennlp,https://api.github.com/repos/apache/opennlp/pulls/178
177,apache/opennlp,https://api.github.com/repos/apache/opennlp/pulls/177
176,apache/opennlp,https://api.github.com/repos/apache/opennlp/pulls/176
175,apache/opennlp,https://api.github.com/repos/apache/opennlp/pulls/175
174,apache/opennlp,https://api.github.com/repos/apache/opennlp/pulls/174
173,apache/opennlp,https://api.github.com/repos/apache/opennlp/pulls/173
172,apache/opennlp,https://api.github.com/repos/apache/opennlp/pulls/172
171,apache/opennlp,https://api.github.com/repos/apache/opennlp/pulls/171
170,apache/opennlp,https://api.github.com/repos/apache/opennlp/pulls/170
169,apache/opennlp,https://api.github.com/repos/apache/opennlp/pulls/169
168,apache/opennlp,https://api.github.com/repos/apache/opennlp/pulls/168
167,apache/opennlp,https://api.github.com/repos/apache/opennlp/pulls/167
166,apache/opennlp,https://api.github.com/repos/apache/opennlp/pulls/166
165,apache/opennlp,https://api.github.com/repos/apache/opennlp/pulls/165
164,apache/opennlp,https://api.github.com/repos/apache/opennlp/pulls/164
163,apache/opennlp,https://api.github.com/repos/apache/opennlp/pulls/163
162,apache/opennlp,https://api.github.com/repos/apache/opennlp/pulls/162
161,apache/opennlp,https://api.github.com/repos/apache/opennlp/pulls/161
160,apache/opennlp,https://api.github.com/repos/apache/opennlp/pulls/160
159,apache/opennlp,https://api.github.com/repos/apache/opennlp/pulls/159
158,apache/opennlp,https://api.github.com/repos/apache/opennlp/pulls/158
157,apache/opennlp,https://api.github.com/repos/apache/opennlp/pulls/157
156,apache/opennlp,https://api.github.com/repos/apache/opennlp/pulls/156
155,apache/opennlp,https://api.github.com/repos/apache/opennlp/pulls/155
154,apache/opennlp,https://api.github.com/repos/apache/opennlp/pulls/154
153,apache/opennlp,https://api.github.com/repos/apache/opennlp/pulls/153
152,apache/opennlp,https://api.github.com/repos/apache/opennlp/pulls/152
151,apache/opennlp,https://api.github.com/repos/apache/opennlp/pulls/151
150,apache/opennlp,https://api.github.com/repos/apache/opennlp/pulls/150
149,apache/opennlp,https://api.github.com/repos/apache/opennlp/pulls/149
148,apache/opennlp,https://api.github.com/repos/apache/opennlp/pulls/148
147,apache/opennlp,https://api.github.com/repos/apache/opennlp/pulls/147
146,apache/opennlp,https://api.github.com/repos/apache/opennlp/pulls/146
145,apache/opennlp,https://api.github.com/repos/apache/opennlp/pulls/145
144,apache/opennlp,https://api.github.com/repos/apache/opennlp/pulls/144
143,apache/opennlp,https://api.github.com/repos/apache/opennlp/pulls/143
142,apache/opennlp,https://api.github.com/repos/apache/opennlp/pulls/142
141,apache/opennlp,https://api.github.com/repos/apache/opennlp/pulls/141
140,apache/opennlp,https://api.github.com/repos/apache/opennlp/pulls/140
139,apache/opennlp,https://api.github.com/repos/apache/opennlp/pulls/139
138,apache/opennlp,https://api.github.com/repos/apache/opennlp/pulls/138
137,apache/opennlp,https://api.github.com/repos/apache/opennlp/pulls/137
136,apache/opennlp,https://api.github.com/repos/apache/opennlp/pulls/136
135,apache/opennlp,https://api.github.com/repos/apache/opennlp/pulls/135
134,apache/opennlp,https://api.github.com/repos/apache/opennlp/pulls/134
133,apache/opennlp,https://api.github.com/repos/apache/opennlp/pulls/133
132,apache/opennlp,https://api.github.com/repos/apache/opennlp/pulls/132
131,apache/opennlp,https://api.github.com/repos/apache/opennlp/pulls/131
130,apache/opennlp,https://api.github.com/repos/apache/opennlp/pulls/130
129,apache/opennlp,https://api.github.com/repos/apache/opennlp/pulls/129
128,apache/opennlp,https://api.github.com/repos/apache/opennlp/pulls/128
127,apache/opennlp,https://api.github.com/repos/apache/opennlp/pulls/127
126,apache/opennlp,https://api.github.com/repos/apache/opennlp/pulls/126
125,apache/opennlp,https://api.github.com/repos/apache/opennlp/pulls/125
124,apache/opennlp,https://api.github.com/repos/apache/opennlp/pulls/124
123,apache/opennlp,https://api.github.com/repos/apache/opennlp/pulls/123
122,apache/opennlp,https://api.github.com/repos/apache/opennlp/pulls/122
121,apache/opennlp,https://api.github.com/repos/apache/opennlp/pulls/121
120,apache/opennlp,https://api.github.com/repos/apache/opennlp/pulls/120
119,apache/opennlp,https://api.github.com/repos/apache/opennlp/pulls/119
118,apache/opennlp,https://api.github.com/repos/apache/opennlp/pulls/118
117,apache/opennlp,https://api.github.com/repos/apache/opennlp/pulls/117
116,apache/opennlp,https://api.github.com/repos/apache/opennlp/pulls/116
115,apache/opennlp,https://api.github.com/repos/apache/opennlp/pulls/115
114,apache/opennlp,https://api.github.com/repos/apache/opennlp/pulls/114
113,apache/opennlp,https://api.github.com/repos/apache/opennlp/pulls/113
112,apache/opennlp,https://api.github.com/repos/apache/opennlp/pulls/112
111,apache/opennlp,https://api.github.com/repos/apache/opennlp/pulls/111
110,apache/opennlp,https://api.github.com/repos/apache/opennlp/pulls/110
109,apache/opennlp,https://api.github.com/repos/apache/opennlp/pulls/109
108,apache/opennlp,https://api.github.com/repos/apache/opennlp/pulls/108
107,apache/opennlp,https://api.github.com/repos/apache/opennlp/pulls/107
106,apache/opennlp,https://api.github.com/repos/apache/opennlp/pulls/106
105,apache/opennlp,https://api.github.com/repos/apache/opennlp/pulls/105
104,apache/opennlp,https://api.github.com/repos/apache/opennlp/pulls/104
103,apache/opennlp,https://api.github.com/repos/apache/opennlp/pulls/103
102,apache/opennlp,https://api.github.com/repos/apache/opennlp/pulls/102
101,apache/opennlp,https://api.github.com/repos/apache/opennlp/pulls/101
100,apache/opennlp,https://api.github.com/repos/apache/opennlp/pulls/100
98,apache/opennlp,https://api.github.com/repos/apache/opennlp/pulls/98
97,apache/opennlp,https://api.github.com/repos/apache/opennlp/pulls/97
96,apache/opennlp,https://api.github.com/repos/apache/opennlp/pulls/96
95,apache/opennlp,https://api.github.com/repos/apache/opennlp/pulls/95
94,apache/opennlp,https://api.github.com/repos/apache/opennlp/pulls/94
93,apache/opennlp,https://api.github.com/repos/apache/opennlp/pulls/93
92,apache/opennlp,https://api.github.com/repos/apache/opennlp/pulls/92
91,apache/opennlp,https://api.github.com/repos/apache/opennlp/pulls/91
90,apache/opennlp,https://api.github.com/repos/apache/opennlp/pulls/90
89,apache/opennlp,https://api.github.com/repos/apache/opennlp/pulls/89
88,apache/opennlp,https://api.github.com/repos/apache/opennlp/pulls/88
87,apache/opennlp,https://api.github.com/repos/apache/opennlp/pulls/87
86,apache/opennlp,https://api.github.com/repos/apache/opennlp/pulls/86
85,apache/opennlp,https://api.github.com/repos/apache/opennlp/pulls/85
84,apache/opennlp,https://api.github.com/repos/apache/opennlp/pulls/84
83,apache/opennlp,https://api.github.com/repos/apache/opennlp/pulls/83
82,apache/opennlp,https://api.github.com/repos/apache/opennlp/pulls/82
81,apache/opennlp,https://api.github.com/repos/apache/opennlp/pulls/81
80,apache/opennlp,https://api.github.com/repos/apache/opennlp/pulls/80
79,apache/opennlp,https://api.github.com/repos/apache/opennlp/pulls/79
78,apache/opennlp,https://api.github.com/repos/apache/opennlp/pulls/78
77,apache/opennlp,https://api.github.com/repos/apache/opennlp/pulls/77
76,apache/opennlp,https://api.github.com/repos/apache/opennlp/pulls/76
75,apache/opennlp,https://api.github.com/repos/apache/opennlp/pulls/75
74,apache/opennlp,https://api.github.com/repos/apache/opennlp/pulls/74
73,apache/opennlp,https://api.github.com/repos/apache/opennlp/pulls/73
72,apache/opennlp,https://api.github.com/repos/apache/opennlp/pulls/72
71,apache/opennlp,https://api.github.com/repos/apache/opennlp/pulls/71
70,apache/opennlp,https://api.github.com/repos/apache/opennlp/pulls/70
68,apache/opennlp,https://api.github.com/repos/apache/opennlp/pulls/68
67,apache/opennlp,https://api.github.com/repos/apache/opennlp/pulls/67
66,apache/opennlp,https://api.github.com/repos/apache/opennlp/pulls/66
65,apache/opennlp,https://api.github.com/repos/apache/opennlp/pulls/65
64,apache/opennlp,https://api.github.com/repos/apache/opennlp/pulls/64
63,apache/opennlp,https://api.github.com/repos/apache/opennlp/pulls/63
62,apache/opennlp,https://api.github.com/repos/apache/opennlp/pulls/62
61,apache/opennlp,https://api.github.com/repos/apache/opennlp/pulls/61
60,apache/opennlp,https://api.github.com/repos/apache/opennlp/pulls/60
59,apache/opennlp,https://api.github.com/repos/apache/opennlp/pulls/59
58,apache/opennlp,https://api.github.com/repos/apache/opennlp/pulls/58
57,apache/opennlp,https://api.github.com/repos/apache/opennlp/pulls/57
56,apache/opennlp,https://api.github.com/repos/apache/opennlp/pulls/56
55,apache/opennlp,https://api.github.com/repos/apache/opennlp/pulls/55
54,apache/opennlp,https://api.github.com/repos/apache/opennlp/pulls/54
53,apache/opennlp,https://api.github.com/repos/apache/opennlp/pulls/53
52,apache/opennlp,https://api.github.com/repos/apache/opennlp/pulls/52
51,apache/opennlp,https://api.github.com/repos/apache/opennlp/pulls/51
50,apache/opennlp,https://api.github.com/repos/apache/opennlp/pulls/50
49,apache/opennlp,https://api.github.com/repos/apache/opennlp/pulls/49
48,apache/opennlp,https://api.github.com/repos/apache/opennlp/pulls/48
47,apache/opennlp,https://api.github.com/repos/apache/opennlp/pulls/47
46,apache/opennlp,https://api.github.com/repos/apache/opennlp/pulls/46
45,apache/opennlp,https://api.github.com/repos/apache/opennlp/pulls/45
44,apache/opennlp,https://api.github.com/repos/apache/opennlp/pulls/44
43,apache/opennlp,https://api.github.com/repos/apache/opennlp/pulls/43
42,apache/opennlp,https://api.github.com/repos/apache/opennlp/pulls/42
41,apache/opennlp,https://api.github.com/repos/apache/opennlp/pulls/41
40,apache/opennlp,https://api.github.com/repos/apache/opennlp/pulls/40
39,apache/opennlp,https://api.github.com/repos/apache/opennlp/pulls/39
38,apache/opennlp,https://api.github.com/repos/apache/opennlp/pulls/38
37,apache/opennlp,https://api.github.com/repos/apache/opennlp/pulls/37
36,apache/opennlp,https://api.github.com/repos/apache/opennlp/pulls/36
35,apache/opennlp,https://api.github.com/repos/apache/opennlp/pulls/35
34,apache/opennlp,https://api.github.com/repos/apache/opennlp/pulls/34
33,apache/opennlp,https://api.github.com/repos/apache/opennlp/pulls/33
32,apache/opennlp,https://api.github.com/repos/apache/opennlp/pulls/32
31,apache/opennlp,https://api.github.com/repos/apache/opennlp/pulls/31
30,apache/opennlp,https://api.github.com/repos/apache/opennlp/pulls/30
29,apache/opennlp,https://api.github.com/repos/apache/opennlp/pulls/29
28,apache/opennlp,https://api.github.com/repos/apache/opennlp/pulls/28
27,apache/opennlp,https://api.github.com/repos/apache/opennlp/pulls/27
26,apache/opennlp,https://api.github.com/repos/apache/opennlp/pulls/26
25,apache/opennlp,https://api.github.com/repos/apache/opennlp/pulls/25
24,apache/opennlp,https://api.github.com/repos/apache/opennlp/pulls/24
23,apache/opennlp,https://api.github.com/repos/apache/opennlp/pulls/23
22,apache/opennlp,https://api.github.com/repos/apache/opennlp/pulls/22
21,apache/opennlp,https://api.github.com/repos/apache/opennlp/pulls/21
20,apache/opennlp,https://api.github.com/repos/apache/opennlp/pulls/20
19,apache/opennlp,https://api.github.com/repos/apache/opennlp/pulls/19
18,apache/opennlp,https://api.github.com/repos/apache/opennlp/pulls/18
17,apache/opennlp,https://api.github.com/repos/apache/opennlp/pulls/17
16,apache/opennlp,https://api.github.com/repos/apache/opennlp/pulls/16
15,apache/opennlp,https://api.github.com/repos/apache/opennlp/pulls/15
14,apache/opennlp,https://api.github.com/repos/apache/opennlp/pulls/14
13,apache/opennlp,https://api.github.com/repos/apache/opennlp/pulls/13
12,apache/opennlp,https://api.github.com/repos/apache/opennlp/pulls/12
11,apache/opennlp,https://api.github.com/repos/apache/opennlp/pulls/11
10,apache/opennlp,https://api.github.com/repos/apache/opennlp/pulls/10
9,apache/opennlp,https://api.github.com/repos/apache/opennlp/pulls/9
8,apache/opennlp,https://api.github.com/repos/apache/opennlp/pulls/8
7,apache/opennlp,https://api.github.com/repos/apache/opennlp/pulls/7
6,apache/opennlp,https://api.github.com/repos/apache/opennlp/pulls/6
5,apache/opennlp,https://api.github.com/repos/apache/opennlp/pulls/5
4,apache/opennlp,https://api.github.com/repos/apache/opennlp/pulls/4
3,apache/opennlp,https://api.github.com/repos/apache/opennlp/pulls/3
2,apache/opennlp,https://api.github.com/repos/apache/opennlp/pulls/2
1,apache/opennlp,https://api.github.com/repos/apache/opennlp/pulls/1
